{
  "Users": {
    "SharedTasks": "",
    "Tasks": {
      "task_id_1": {
        "category": "Sức khỏe",
        "date": "2025-04-08",
        "description": "chạy bộ 30 phút",
        "priority": "Cao",
        "time": "06:00",
        "title": "Tập thể dục",
        "userID": "userid_1"
      }
    },
    "user_id_1": {
      "email": "abc@gmail.com",
      "name": "Nguyen Van A"
    }
  },
  "categories": {
    "user_id_2": {
      "category": {
        "1 sức khỏe": "",
        "Công việc": ""
      }
    }
  }
}